Iteration count, C(i) - C(i-1) 
1,0.9934562933536615
2,0.2586818171598342
3,0.015599302073612265
4,6.802390317739437e-05
5,1.303291696785891e-09
