Iteration count, C(i) - C(i-1) 
1,1.2654638321494631
2,0.0045535563599105044
3,4.590990635877645e-06
4,4.650835272457243e-12
