Iteration count, C(i) - C(i-1) 
1,2.0
2,1.0
3,0.5
4,0.25
5,0.125
6,0.0625
7,0.03125
8,0.015625
9,0.0078125
10,0.00390625
11,0.001953125
12,0.0009765625
13,0.00048828125
14,0.000244140625
15,0.0001220703125
16,6.103515625e-05
17,3.0517578125e-05
18,1.52587890625e-05
19,7.62939453125e-06
20,3.814697265625e-06
21,1.9073486328125e-06
22,9.5367431640625e-07
